{
    "$schema": "https://schema.management.azure.com/schemas/2019-04-01/deploymentTemplate.json#",
    "contentVersion": "1.0.0.0",
    "parameters": {
      "storageAccountType": {
        "type": "string",
        "defaultValue": "Standard_LRS",
        "allowedValues": [
          "Premium_LRS",
          "Premium_ZRS",
          "Standard_GRS",
          "Standard_GZRS",
          "Standard_LRS",
          "Standard_RAGRS",
          "Standard_RAGZRS",
          "Standard_ZRS"
        ],
        "metadata": {
          "description": "Storage Account type"
        }
      },
      "location": {
        "type": "string",
        "defaultValue": "[resourceGroup().location]",
        "metadata": {
          "description": "Location for the storage account."
        }
      }
    },
    "resources": [
      {
        "type": "Microsoft.Storage/storageAccounts",
        "apiVersion": "2021-06-01",
        "name": "[format('{0}storage{1}', copyIndex(), uniqueString(resourceGroup().id))]",
        "location": "[parameters('location')]",
        "sku": {
          "name": "[parameters('storageAccountType')]"
        },
        "kind": "StorageV2",
        "copy": {
          "name": "storageCopy",
          "count": 3
        },
        "properties": {}
      }
    ]
  }