{
    "$schema": "https://schema.management.azure.com/schemas/2019-04-01/deploymentTemplate.json#",
    "contentVersion": "",
    "apiProfile": "",
    "parameters": {  },
    "variables": {  },
    "functions": [  ],
    "resources": [ {

    
        "apiVersion": "[variables('apiVersion')]",
    "type": "Microsoft.Network/publicIPAddresses",
    "name": "[concat(parameters('dnsLabelPrefix'),copyIndex(1))]",
    "location": "[resourceGroup().location]",
    "properties": {
        "publicIPAllocationMethod": "Dynamic",
        "dnsSettings": {
            "domainNameLabel": "[concat(parameters('dnsLabelPrefix'),copyIndex(1))]"
        }
    },
    "copy": {
        "name": "publicIpCopy",
        "count": "[parameters('vmCount')]"
    }
}, {
    "apiVersion": "[variables('apiVersion')]",
    "type": "Microsoft.Storage/storageAccounts",
    "name": "[variables('storageAccountName')]",
    "location": "[resourceGroup().location]",
    "properties": {
        "accountType": "Standard_LRS"
    }
}, {
    "apiVersion": "[variables('apiVersion')]",
    "type": "Microsoft.Network/networkInterfaces",
    "name": "[concat(variables('nicName'),copyIndex(1))]",
    "location": "[resourceGroup().location]",
    "dependsOn": ["[concat('Microsoft.Network/publicIPAddresses/', concat(parameters('dnsLabelPrefix'),copyIndex(1)))]"],
    "properties": {
        "ipConfigurations": [{
            "name": "[concat('ipconfig',copyIndex(1))]",
            "properties": {
                "privateIPAllocationMethod": "Dynamic",
                "publicIPAddress": {
                    "id": "[resourceId('Microsoft.Network/publicIPAddresses', concat(parameters('dnsLabelPrefix'),copyIndex(1)))]"
                },
                "subnet": {
                    "id": "[variables('subnetId')]"
                }
            }
        }]
    },
    "copy": {
        "name": "nicCopy",
        "count": "[parameters('vmCount')]"
    }
}, {
    "apiVersion": "[variables('apiVersion')]",
    "copy": {
        "name": "nodeCopy",
        "count": "[parameters('vmCount')]"
    },
    "type": "Microsoft.Compute/virtualMachines",
    "name": "[concat(parameters('dnsLabelPrefix'), copyIndex(1))]",
    "location": "[resourceGroup().location]",
    "dependsOn": ["[resourceId('Microsoft.Storage/storageAccounts',variables('storageAccountName'))]", "[resourceId('Microsoft.Network/networkInterfaces', concat(variables('nicName'),copyIndex(1)))]"],
    "properties": {
        "hardwareProfile": {
            "vmSize": "[parameters('vmSize')]"
        },
        "osProfile": {
            "computerName": "[concat(parameters('dnsLabelPrefix'), copyIndex(1))]",
            "adminUsername": "[parameters('vmAdminUsername')]",
            "adminPassword": "[parameters('vmAdminPassword')]"
        },
        "storageProfile": {
            "imageReference": {
                "publisher": "[variables('imagePublisher')]",
                "offer": "[variables('imageOffer')]",
                "sku": "[variables('windowsOSVersion')]",
                "version": "latest"
            },
            "osDisk": {
                "name": "osdisk",
                "vhd": {
                    "uri": "[concat(reference(concat('Microsoft.Storage/storageAccounts/', variables('storageAccountName')), '2015-06-15').primaryEndpoints.blob,'vhds/',concat(parameters('dnsLabelPrefix'), copyIndex(1)),'.vhd')]"
                },
                "caching": "ReadWrite",
                "createOption": "FromImage"
            },
            "dataDisks": [{
                "name": "myvm-data-disk1",
                "vhd": {
                    "Uri": "[concat(reference(concat('Microsoft.Storage/storageAccounts/', variables('storageAccountName')), '2015-06-15').primaryEndpoints.blob,'vhds/',concat(parameters('dnsLabelPrefix'), copyIndex(1)), 'disk1.vhd')]"
                },
                "caching": "None",
                "createOption": "Empty",
                "diskSizeGB": "1000",
                "lun": 0
            }]
        },
        "networkProfile": {
            "networkInterfaces": [{
                "id": "[resourceId('Microsoft.Network/networkInterfaces', concat(variables('nicName'),copyIndex(1)))]"
            }]
        },
        "diagnosticsProfile": {
            "bootDiagnostics": {
                "enabled": "true",
                "storageUri": "[reference(concat('Microsoft.Storage/storageAccounts/', variables('storageAccountName')), '2015-06-15').primaryEndpoints.blob]"
            }
        }
    }
}, {
    "apiVersion": "[variables('apiVersion')]",
    "copy": {
        "name": "DomainJoinCopy",
        "count": "[parameters('vmCount')]"
    },
    "type": "Microsoft.Compute/virtualMachines/extensions",
    "name": "[concat(parameters('dnsLabelPrefix'),copyIndex(1),'/joindomain')]",
    "location": "[resourceGroup().location]",
    "dependsOn": ["[concat('Microsoft.Compute/virtualMachines/', concat(parameters('dnsLabelPrefix'),copyIndex(1)))]"],
    "properties": {
        "publisher": "Microsoft.Compute",
        "type": "JsonADDomainExtension",
        "typeHandlerVersion": "1.3",
        "autoUpgradeMinorVersion": true,
        "settings": {
            "Name": "[parameters('domainToJoin')]",
            "OUPath": "[parameters('ouPath')]",
            "User": "[concat(parameters('domainToJoin'), '\\', parameters('domainUsername'))]",
            "Restart": "true",
            "Options": "[parameters('domainJoinOptions')]"
        },
        "protectedSettings": {
            "Password": "[parameters('domainPassword')]"
        }
    }
}]
      ],
    "outputs": {  }
  }