{
    "$schema": "https://schema.management.azure.com/schemas/2019-04-01/deploymentTemplate.json#",
    "contentVersion": "1.0.0.0",
    "parameters": {
      "storageAccountName": {
        "type": "string"
      }
    },
    "resources": [
      {
        "type": "Microsoft.Resources/deployments",
        "apiVersion": "2021-04-01",
        "name": "nestedTemplate1",
        "properties": {
          "mode": "Incremental",
          "template": {
            "$schema": "https://schema.management.azure.com/schemas/2019-04-01/deploymentTemplate.json#",
            "contentVersion": "1.0.0.0",
            "resources": [
              {
                "type": "Microsoft.Storage/storageAccounts",
                "apiVersion": "2021-04-01",
                "name": "[parameters('storageAccountName')]",
                "location": "West US",
                "sku": {
                  "name": "Standard_LRS"
                },
                "kind": "StorageV2"
              }
            ]
          }
        }
      }
    ],
    "outputs": {
    }
  }