{
    "$schema": "https://schema.management.azure.com/schemas/2019-04-01/deploymentTemplate.json#",
    "contentVersion": "1.0.0.0",
    "parameters": {},
    "variables": {},
    "resources": [{
        "name": "stradi002",
        "type": "Microsoft.Storage/storageAccounts",
        "apiVersion": "2015-06-15",
        "location": "[resourceGroup().location]",
        "tags": {
            "displayName": "stradi002"
        },
        "properties": {
            "accountType": "Standard_LRS"
        }
    }],
    "outputs": {}
}