{
    "$schema": "https://schema.management.azure.com/schemas/2019-04-01/deploymentTemplate.json#",
    "contentVersion": "1.0.0.0",
    "parameters": {
        "virtualMachines_admin_name": {
            "defaultValue": "admin02",
            "type": "String"
        },
        "disks_admin_OsDisk_1_1b62446f202e40eab8b48384e0c566ce_externalid": {
            "defaultValue": "/subscriptions/03b629b1-2e36-4e56-b784-4811a2b3440a/resourceGroups/asd-rg/providers/Microsoft.Compute/disks/admin_OsDisk_1_1b62446f202e40eab8b48384e0c566ce",
            "type": "String"
        },
        "networkInterfaces_admin902_z1_externalid": {
            "defaultValue": "/subscriptions/03b629b1-2e36-4e56-b784-4811a2b3440a/resourceGroups/asd-rg/providers/Microsoft.Network/networkInterfaces/admin902_z1",
            "type": "String"
        }
    },
    "variables": {},
    "resources": [
        {
            "type": "Microsoft.Compute/virtualMachines",
            "apiVersion": "2020-12-01",
            "name": "[parameters('virtualMachines_admin_name')]",
            "location": "centralindia",
            "zones": [
                "1"
            ],
            "properties": {
                "hardwareProfile": {
                    "vmSize": "Standard_B1s"
                },
                "storageProfile": {
                    "imageReference": {
                        "publisher": "MicrosoftWindowsServer",
                        "offer": "WindowsServer",
                        "sku": "2016-Datacenter",
                        "version": "latest"
                    },
                    "osDisk": {
                        "osType": "Windows",
                        "name": "[concat(parameters('virtualMachines_admin_name'), '_OsDisk_1_1b62446f202e40eab8b48384e0c566ce')]",
                        "createOption": "FromImage",
                        "caching": "ReadWrite",
                        "managedDisk": {
                            "storageAccountType": "Standard_LRS",
                            "id": "[parameters('disks_admin_OsDisk_1_1b62446f202e40eab8b48384e0c566ce_externalid')]"
                        },
                        "deleteOption": "Delete",
                        "diskSizeGB": 127
                    },
                    "dataDisks": []
                },
                "osProfile": {
                    "computerName": "[parameters('virtualMachines_admin_name')]",
                    "adminUsername": "[concat(parameters('virtualMachines_admin_name'), 'u')]",
                    "windowsConfiguration": {
                        "provisionVMAgent": true,
                        "enableAutomaticUpdates": true,
                        "patchSettings": {
                            "patchMode": "AutomaticByOS",
                            "assessmentMode": "ImageDefault",
                            "enableHotpatching": false
                        }
                    },
                    "secrets": [],
                    "allowExtensionOperations": true,
                    "requireGuestProvisionSignal": true
                },
                "networkProfile": {
                    "networkInterfaces": [
                        {
                            "id": "[parameters('networkInterfaces_admin902_z1_externalid')]",
                            "properties": {
                                "deleteOption": "Detach"
                            }
                        }
                    ]
                },
                "diagnosticsProfile": {
                    "bootDiagnostics": {
                        "enabled": true
                    }
                }
            }
        }
    ]
}