{


    "$scheme":"https://schema.management.azure.com/schemas/2019-04-01/deploymentTemplate.json#"
    "contentversion" :"1.0.0.0",
    "parameters":{},
    "variables": {},
    "resources":[
    {
     "type": "microsoft.network/virtualnetworks",
     "apiversion": "2022-02-01",
     "name": "advnet",
     "location": "centralindia",
     "properties":{
        "addressspace": {
         "addressprefixes":[192.168.0.0/16]
         }
        }
    }
    
    ]
    "outputS":{}
    
    }